File,Link,Resolved Path,Status
arabic-documentation/architecture/data-flow.html,"/arabic-documentation/index.html","arabic-documentation/index.html","Target not found"
arabic-documentation/architecture/data-flow.html,"/arabic-documentation/architecture/index.html","arabic-documentation/architecture/index.html","Target not found"
arabic-documentation/architecture/folder-structure.html,"/arabic-documentation/index.html","arabic-documentation/index.html","Target not found"
arabic-documentation/architecture/folder-structure.html,"/arabic-documentation/architecture/index.html","arabic-documentation/architecture/index.html","Target not found"
arabic-documentation/architecture/system-architecture.html,"/arabic-documentation/index.html","arabic-documentation/index.html","Target not found"
arabic-documentation/architecture/system-architecture.html,"/arabic-documentation/architecture/index.html","arabic-documentation/architecture/index.html","Target not found"
arabic-documentation/architecture/technical-specifications.html,"/arabic-documentation/index.html","arabic-documentation/index.html","Target not found"
arabic-documentation/architecture/technical-specifications.html,"/arabic-documentation/architecture/index.html","arabic-documentation/architecture/index.html","Target not found"
arabic-documentation/creative-production/3d-design.html,"/arabic-documentation/index.html","arabic-documentation/index.html","Target not found"
arabic-documentation/creative-production/3d-design.html,"/arabic-documentation/creative-production/index.html","arabic-documentation/creative-production/index.html","Target not found"
arabic-documentation/creative-production/ai-music.html,"/arabic-documentation/index.html","arabic-documentation/index.html","Target not found"
arabic-documentation/creative-production/ai-music.html,"/arabic-documentation/creative-production/index.html","arabic-documentation/creative-production/index.html","Target not found"
arabic-documentation/creative-production/audio-generation.html,"/arabic-documentation/index.html","arabic-documentation/index.html","Target not found"
arabic-documentation/creative-production/audio-generation.html,"/arabic-documentation/creative-production/index.html","arabic-documentation/creative-production/index.html","Target not found"
arabic-documentation/creative-production/creative-overview.html,"/arabic-documentation/index.html","arabic-documentation/index.html","Target not found"
arabic-documentation/creative-production/creative-overview.html,"/arabic-documentation/creative-production/index.html","arabic-documentation/creative-production/index.html","Target not found"
arabic-documentation/creative-production/songwriting.html,"/arabic-documentation/index.html","arabic-documentation/index.html","Target not found"
arabic-documentation/creative-production/songwriting.html,"/arabic-documentation/creative-production/index.html","arabic-documentation/creative-production/index.html","Target not found"
arabic-documentation/creative-production/video-creation.html,"/arabic-documentation/index.html","arabic-documentation/index.html","Target not found"
arabic-documentation/creative-production/video-creation.html,"/arabic-documentation/creative-production/index.html","arabic-documentation/creative-production/index.html","Target not found"
arabic-documentation/creative-production/visual-arts.html,"/arabic-documentation/index.html","arabic-documentation/index.html","Target not found"
arabic-documentation/creative-production/visual-arts.html,"/arabic-documentation/creative-production/index.html","arabic-documentation/creative-production/index.html","Target not found"
arabic-documentation/glossary-and-references/glossary.html,"/arabic-documentation/index.html","arabic-documentation/index.html","Target not found"
arabic-documentation/glossary-and-references/glossary.html,"/arabic-documentation/glossary-and-references/index.html","arabic-documentation/glossary-and-references/index.html","Target not found"
arabic-documentation/glossary-and-references/references.html,"/arabic-documentation/index.html","arabic-documentation/index.html","Target not found"
arabic-documentation/glossary-and-references/references.html,"/arabic-documentation/glossary-and-references/index.html","arabic-documentation/glossary-and-references/index.html","Target not found"
arabic-documentation/guides/best-practices.html,"/arabic-documentation/index.html","arabic-documentation/index.html","Target not found"
arabic-documentation/guides/best-practices.html,"/arabic-documentation/guides/index.html","arabic-documentation/guides/index.html","Target not found"
arabic-documentation/guides/content-creation-guide.html,"/arabic-documentation/index.html","arabic-documentation/index.html","Target not found"
arabic-documentation/guides/content-creation-guide.html,"/arabic-documentation/guides/index.html","arabic-documentation/guides/index.html","Target not found"
arabic-documentation/guides/troubleshooting.html,"/arabic-documentation/index.html","arabic-documentation/index.html","Target not found"
arabic-documentation/guides/troubleshooting.html,"/arabic-documentation/guides/index.html","arabic-documentation/guides/index.html","Target not found"
arabic-documentation/guides/user-guide.html,"/arabic-documentation/index.html","arabic-documentation/index.html","Target not found"
arabic-documentation/guides/user-guide.html,"/arabic-documentation/guides/index.html","arabic-documentation/guides/index.html","Target not found"
arabic-documentation/knowledge-management/experimental-infrastructure.html,"/arabic-documentation/index.html","arabic-documentation/index.html","Target not found"
arabic-documentation/knowledge-management/experimental-infrastructure.html,"/arabic-documentation/knowledge-management/index.html","arabic-documentation/knowledge-management/index.html","Target not found"
arabic-documentation/knowledge-management/information-synthesis.html,"/arabic-documentation/index.html","arabic-documentation/index.html","Target not found"
arabic-documentation/knowledge-management/information-synthesis.html,"/arabic-documentation/knowledge-management/index.html","arabic-documentation/knowledge-management/index.html","Target not found"
arabic-documentation/knowledge-management/knowledge-overview.html,"/arabic-documentation/index.html","arabic-documentation/index.html","Target not found"
arabic-documentation/knowledge-management/knowledge-overview.html,"/arabic-documentation/knowledge-management/index.html","arabic-documentation/knowledge-management/index.html","Target not found"
arabic-documentation/knowledge-management/knowledge-tree.html,"/arabic-documentation/index.html","arabic-documentation/index.html","Target not found"
arabic-documentation/knowledge-management/knowledge-tree.html,"/arabic-documentation/knowledge-management/index.html","arabic-documentation/knowledge-management/index.html","Target not found"
arabic-documentation/knowledge-management/second-brain.html,"/arabic-documentation/index.html","arabic-documentation/index.html","Target not found"
arabic-documentation/knowledge-management/second-brain.html,"/arabic-documentation/knowledge-management/index.html","arabic-documentation/knowledge-management/index.html","Target not found"
arabic-documentation/knowledge-management/trial-error-structuring.html,"/arabic-documentation/index.html","arabic-documentation/index.html","Target not found"
arabic-documentation/knowledge-management/trial-error-structuring.html,"/arabic-documentation/knowledge-management/index.html","arabic-documentation/knowledge-management/index.html","Target not found"
arabic-documentation/overview/project-overview.html,"/arabic-documentation/index.html","arabic-documentation/index.html","Target not found"
arabic-documentation/overview/project-overview.html,"/arabic-documentation/overview/index.html","arabic-documentation/overview/index.html","Target not found"
arabic-documentation/overview/quick-start.html,"/arabic-documentation/index.html","arabic-documentation/index.html","Target not found"
arabic-documentation/overview/quick-start.html,"/arabic-documentation/overview/index.html","arabic-documentation/overview/index.html","Target not found"
arabic-documentation/overview/table-of-contents.html,"/arabic-documentation/index.html","arabic-documentation/index.html","Target not found"
arabic-documentation/overview/table-of-contents.html,"/arabic-documentation/overview/index.html","arabic-documentation/overview/index.html","Target not found"
arabic-documentation/practical-tech/ai-development.html,"/arabic-documentation/index.html","arabic-documentation/index.html","Target not found"
arabic-documentation/practical-tech/ai-development.html,"/arabic-documentation/practical-tech/index.html","arabic-documentation/practical-tech/index.html","Target not found"
arabic-documentation/practical-tech/appliance-fixes.html,"/arabic-documentation/index.html","arabic-documentation/index.html","Target not found"
arabic-documentation/practical-tech/appliance-fixes.html,"/arabic-documentation/practical-tech/index.html","arabic-documentation/practical-tech/index.html","Target not found"
arabic-documentation/practical-tech/automation-scripts.html,"/arabic-documentation/index.html","arabic-documentation/index.html","Target not found"
arabic-documentation/practical-tech/automation-scripts.html,"/arabic-documentation/practical-tech/index.html","arabic-documentation/practical-tech/index.html","Target not found"
arabic-documentation/practical-tech/hardware-repair.html,"/arabic-documentation/index.html","arabic-documentation/index.html","Target not found"
arabic-documentation/practical-tech/hardware-repair.html,"/arabic-documentation/practical-tech/index.html","arabic-documentation/practical-tech/index.html","Target not found"
arabic-documentation/practical-tech/home-repairs.html,"/arabic-documentation/index.html","arabic-documentation/index.html","Target not found"
arabic-documentation/practical-tech/home-repairs.html,"/arabic-documentation/practical-tech/index.html","arabic-documentation/practical-tech/index.html","Target not found"
arabic-documentation/practical-tech/maintenance.html,"/arabic-documentation/index.html","arabic-documentation/index.html","Target not found"
arabic-documentation/practical-tech/maintenance.html,"/arabic-documentation/practical-tech/index.html","arabic-documentation/practical-tech/index.html","Target not found"
arabic-documentation/practical-tech/simple-web-pages.html,"/arabic-documentation/index.html","arabic-documentation/index.html","Target not found"
arabic-documentation/practical-tech/simple-web-pages.html,"/arabic-documentation/practical-tech/index.html","arabic-documentation/practical-tech/index.html","Target not found"
arabic-documentation/practical-tech/software-building.html,"/arabic-documentation/index.html","arabic-documentation/index.html","Target not found"
arabic-documentation/practical-tech/software-building.html,"/arabic-documentation/practical-tech/index.html","arabic-documentation/practical-tech/index.html","Target not found"
arabic-documentation/practical-tech/tech-overview.html,"/arabic-documentation/index.html","arabic-documentation/index.html","Target not found"
arabic-documentation/practical-tech/tech-overview.html,"/arabic-documentation/practical-tech/index.html","arabic-documentation/practical-tech/index.html","Target not found"
arabic-documentation/radical-discourse/analytical-writing.html,"/arabic-documentation/index.html","arabic-documentation/index.html","Target not found"
arabic-documentation/radical-discourse/analytical-writing.html,"/arabic-documentation/radical-discourse/index.html","arabic-documentation/radical-discourse/index.html","Target not found"
arabic-documentation/radical-discourse/discourse-overview.html,"/arabic-documentation/index.html","arabic-documentation/index.html","Target not found"
arabic-documentation/radical-discourse/discourse-overview.html,"/arabic-documentation/radical-discourse/index.html","arabic-documentation/radical-discourse/index.html","Target not found"
arabic-documentation/radical-discourse/philosophical-framework.html,"/arabic-documentation/index.html","arabic-documentation/index.html","Target not found"
arabic-documentation/radical-discourse/philosophical-framework.html,"/arabic-documentation/radical-discourse/index.html","arabic-documentation/radical-discourse/index.html","Target not found"
arabic-documentation/radical-discourse/political-economic-critique.html,"/arabic-documentation/index.html","arabic-documentation/index.html","Target not found"
arabic-documentation/radical-discourse/political-economic-critique.html,"/arabic-documentation/radical-discourse/index.html","arabic-documentation/radical-discourse/index.html","Target not found"
arabic-documentation/radical-discourse/radical-perspectives.html,"/arabic-documentation/index.html","arabic-documentation/index.html","Target not found"
arabic-documentation/radical-discourse/radical-perspectives.html,"/arabic-documentation/radical-discourse/index.html","arabic-documentation/radical-discourse/index.html","Target not found"
arabic-documentation/radical-discourse/realistic-philosophy.html,"/arabic-documentation/index.html","arabic-documentation/index.html","Target not found"
arabic-documentation/radical-discourse/realistic-philosophy.html,"/arabic-documentation/radical-discourse/index.html","arabic-documentation/radical-discourse/index.html","Target not found"
arabic-documentation/radical-discourse/religious-analysis.html,"/arabic-documentation/index.html","arabic-documentation/index.html","Target not found"
arabic-documentation/radical-discourse/religious-analysis.html,"/arabic-documentation/radical-discourse/index.html","arabic-documentation/radical-discourse/index.html","Target not found"
arabic-documentation/setup-installation/configuration.html,"/arabic-documentation/index.html","arabic-documentation/index.html","Target not found"
arabic-documentation/setup-installation/configuration.html,"/arabic-documentation/setup-installation/index.html","arabic-documentation/setup-installation/index.html","Target not found"
arabic-documentation/setup-installation/installation-guide.html,"/arabic-documentation/index.html","arabic-documentation/index.html","Target not found"
arabic-documentation/setup-installation/installation-guide.html,"/arabic-documentation/setup-installation/index.html","arabic-documentation/setup-installation/index.html","Target not found"
arabic-documentation/setup-installation/requirements.html,"/arabic-documentation/index.html","arabic-documentation/index.html","Target not found"
arabic-documentation/setup-installation/requirements.html,"/arabic-documentation/setup-installation/index.html","arabic-documentation/setup-installation/index.html","Target not found"
index.html,"/categories/creative-production.html","categories/creative-production.html","Target not found"
index.html,"/categories/radical-discourse.html","categories/radical-discourse.html","Target not found"
index.html,"/categories/practical-tech.html","categories/practical-tech.html","Target not found"
index.html,"/categories/knowledge-management.html","categories/knowledge-management.html","Target not found"